[{"model": "auth.permission", "pk": 1, "fields": {"name": "Can add log entry", "content_type": 1, "codename": "add_logentry"}}, {"model": "auth.permission", "pk": 2, "fields": {"name": "Can change log entry", "content_type": 1, "codename": "change_logentry"}}, {"model": "auth.permission", "pk": 3, "fields": {"name": "Can delete log entry", "content_type": 1, "codename": "delete_logentry"}}, {"model": "auth.permission", "pk": 4, "fields": {"name": "Can view log entry", "content_type": 1, "codename": "view_logentry"}}, {"model": "auth.permission", "pk": 5, "fields": {"name": "Can add permission", "content_type": 2, "codename": "add_permission"}}, {"model": "auth.permission", "pk": 6, "fields": {"name": "Can change permission", "content_type": 2, "codename": "change_permission"}}, {"model": "auth.permission", "pk": 7, "fields": {"name": "Can delete permission", "content_type": 2, "codename": "delete_permission"}}, {"model": "auth.permission", "pk": 8, "fields": {"name": "Can view permission", "content_type": 2, "codename": "view_permission"}}, {"model": "auth.permission", "pk": 9, "fields": {"name": "Can add group", "content_type": 3, "codename": "add_group"}}, {"model": "auth.permission", "pk": 10, "fields": {"name": "Can change group", "content_type": 3, "codename": "change_group"}}, {"model": "auth.permission", "pk": 11, "fields": {"name": "Can delete group", "content_type": 3, "codename": "delete_group"}}, {"model": "auth.permission", "pk": 12, "fields": {"name": "Can view group", "content_type": 3, "codename": "view_group"}}, {"model": "auth.permission", "pk": 13, "fields": {"name": "Can add content type", "content_type": 4, "codename": "add_contenttype"}}, {"model": "auth.permission", "pk": 14, "fields": {"name": "Can change content type", "content_type": 4, "codename": "change_contenttype"}}, {"model": "auth.permission", "pk": 15, "fields": {"name": "Can delete content type", "content_type": 4, "codename": "delete_contenttype"}}, {"model": "auth.permission", "pk": 16, "fields": {"name": "Can view content type", "content_type": 4, "codename": "view_contenttype"}}, {"model": "auth.permission", "pk": 17, "fields": {"name": "Can add session", "content_type": 5, "codename": "add_session"}}, {"model": "auth.permission", "pk": 18, "fields": {"name": "Can change session", "content_type": 5, "codename": "change_session"}}, {"model": "auth.permission", "pk": 19, "fields": {"name": "Can delete session", "content_type": 5, "codename": "delete_session"}}, {"model": "auth.permission", "pk": 20, "fields": {"name": "Can view session", "content_type": 5, "codename": "view_session"}}, {"model": "auth.permission", "pk": 21, "fields": {"name": "Can add position", "content_type": 6, "codename": "add_position"}}, {"model": "auth.permission", "pk": 22, "fields": {"name": "Can change position", "content_type": 6, "codename": "change_position"}}, {"model": "auth.permission", "pk": 23, "fields": {"name": "Can delete position", "content_type": 6, "codename": "delete_position"}}, {"model": "auth.permission", "pk": 24, "fields": {"name": "Can view position", "content_type": 6, "codename": "view_position"}}, {"model": "auth.permission", "pk": 25, "fields": {"name": "Can add project type", "content_type": 7, "codename": "add_projecttype"}}, {"model": "auth.permission", "pk": 26, "fields": {"name": "Can change project type", "content_type": 7, "codename": "change_projecttype"}}, {"model": "auth.permission", "pk": 27, "fields": {"name": "Can delete project type", "content_type": 7, "codename": "delete_projecttype"}}, {"model": "auth.permission", "pk": 28, "fields": {"name": "Can view project type", "content_type": 7, "codename": "view_projecttype"}}, {"model": "auth.permission", "pk": 29, "fields": {"name": "Can add tag", "content_type": 8, "codename": "add_tag"}}, {"model": "auth.permission", "pk": 30, "fields": {"name": "Can change tag", "content_type": 8, "codename": "change_tag"}}, {"model": "auth.permission", "pk": 31, "fields": {"name": "Can delete tag", "content_type": 8, "codename": "delete_tag"}}, {"model": "auth.permission", "pk": 32, "fields": {"name": "Can view tag", "content_type": 8, "codename": "view_tag"}}, {"model": "auth.permission", "pk": 33, "fields": {"name": "Can add task type", "content_type": 9, "codename": "add_tasktype"}}, {"model": "auth.permission", "pk": 34, "fields": {"name": "Can change task type", "content_type": 9, "codename": "change_tasktype"}}, {"model": "auth.permission", "pk": 35, "fields": {"name": "Can delete task type", "content_type": 9, "codename": "delete_tasktype"}}, {"model": "auth.permission", "pk": 36, "fields": {"name": "Can view task type", "content_type": 9, "codename": "view_tasktype"}}, {"model": "auth.permission", "pk": 37, "fields": {"name": "Can add team", "content_type": 10, "codename": "add_team"}}, {"model": "auth.permission", "pk": 38, "fields": {"name": "Can change team", "content_type": 10, "codename": "change_team"}}, {"model": "auth.permission", "pk": 39, "fields": {"name": "Can delete team", "content_type": 10, "codename": "delete_team"}}, {"model": "auth.permission", "pk": 40, "fields": {"name": "Can view team", "content_type": 10, "codename": "view_team"}}, {"model": "auth.permission", "pk": 41, "fields": {"name": "Can add worker", "content_type": 11, "codename": "add_worker"}}, {"model": "auth.permission", "pk": 42, "fields": {"name": "Can change worker", "content_type": 11, "codename": "change_worker"}}, {"model": "auth.permission", "pk": 43, "fields": {"name": "Can delete worker", "content_type": 11, "codename": "delete_worker"}}, {"model": "auth.permission", "pk": 44, "fields": {"name": "Can view worker", "content_type": 11, "codename": "view_worker"}}, {"model": "auth.permission", "pk": 45, "fields": {"name": "Can add project", "content_type": 12, "codename": "add_project"}}, {"model": "auth.permission", "pk": 46, "fields": {"name": "Can change project", "content_type": 12, "codename": "change_project"}}, {"model": "auth.permission", "pk": 47, "fields": {"name": "Can delete project", "content_type": 12, "codename": "delete_project"}}, {"model": "auth.permission", "pk": 48, "fields": {"name": "Can view project", "content_type": 12, "codename": "view_project"}}, {"model": "auth.permission", "pk": 49, "fields": {"name": "Can add task", "content_type": 13, "codename": "add_task"}}, {"model": "auth.permission", "pk": 50, "fields": {"name": "Can change task", "content_type": 13, "codename": "change_task"}}, {"model": "auth.permission", "pk": 51, "fields": {"name": "Can delete task", "content_type": 13, "codename": "delete_task"}}, {"model": "auth.permission", "pk": 52, "fields": {"name": "Can view task", "content_type": 13, "codename": "view_task"}}, {"model": "auth.permission", "pk": 53, "fields": {"name": "Can add task worker", "content_type": 14, "codename": "add_taskworker"}}, {"model": "auth.permission", "pk": 54, "fields": {"name": "Can change task worker", "content_type": 14, "codename": "change_taskworker"}}, {"model": "auth.permission", "pk": 55, "fields": {"name": "Can delete task worker", "content_type": 14, "codename": "delete_taskworker"}}, {"model": "auth.permission", "pk": 56, "fields": {"name": "Can view task worker", "content_type": 14, "codename": "view_taskworker"}}, {"model": "auth.permission", "pk": 57, "fields": {"name": "Can add project team", "content_type": 15, "codename": "add_projectteam"}}, {"model": "auth.permission", "pk": 58, "fields": {"name": "Can change project team", "content_type": 15, "codename": "change_projectteam"}}, {"model": "auth.permission", "pk": 59, "fields": {"name": "Can delete project team", "content_type": 15, "codename": "delete_projectteam"}}, {"model": "auth.permission", "pk": 60, "fields": {"name": "Can view project team", "content_type": 15, "codename": "view_projectteam"}}, {"model": "auth.permission", "pk": 61, "fields": {"name": "Can add worker team", "content_type": 16, "codename": "add_workerteam"}}, {"model": "auth.permission", "pk": 62, "fields": {"name": "Can change worker team", "content_type": 16, "codename": "change_workerteam"}}, {"model": "auth.permission", "pk": 63, "fields": {"name": "Can delete worker team", "content_type": 16, "codename": "delete_workerteam"}}, {"model": "auth.permission", "pk": 64, "fields": {"name": "Can view worker team", "content_type": 16, "codename": "view_workerteam"}}, {"model": "contenttypes.contenttype", "pk": 1, "fields": {"app_label": "admin", "model": "logentry"}}, {"model": "contenttypes.contenttype", "pk": 2, "fields": {"app_label": "auth", "model": "permission"}}, {"model": "contenttypes.contenttype", "pk": 3, "fields": {"app_label": "auth", "model": "group"}}, {"model": "contenttypes.contenttype", "pk": 4, "fields": {"app_label": "contenttypes", "model": "contenttype"}}, {"model": "contenttypes.contenttype", "pk": 5, "fields": {"app_label": "sessions", "model": "session"}}, {"model": "contenttypes.contenttype", "pk": 6, "fields": {"app_label": "task_manager", "model": "position"}}, {"model": "contenttypes.contenttype", "pk": 7, "fields": {"app_label": "task_manager", "model": "projecttype"}}, {"model": "contenttypes.contenttype", "pk": 8, "fields": {"app_label": "task_manager", "model": "tag"}}, {"model": "contenttypes.contenttype", "pk": 9, "fields": {"app_label": "task_manager", "model": "tasktype"}}, {"model": "contenttypes.contenttype", "pk": 10, "fields": {"app_label": "task_manager", "model": "team"}}, {"model": "contenttypes.contenttype", "pk": 11, "fields": {"app_label": "task_manager", "model": "worker"}}, {"model": "contenttypes.contenttype", "pk": 12, "fields": {"app_label": "task_manager", "model": "project"}}, {"model": "contenttypes.contenttype", "pk": 13, "fields": {"app_label": "task_manager", "model": "task"}}, {"model": "contenttypes.contenttype", "pk": 14, "fields": {"app_label": "task_manager", "model": "taskworker"}}, {"model": "contenttypes.contenttype", "pk": 15, "fields": {"app_label": "task_manager", "model": "projectteam"}}, {"model": "contenttypes.contenttype", "pk": 16, "fields": {"app_label": "task_manager", "model": "workerteam"}}, {"model": "sessions.session", "pk": "e2uz77kshqxzepnz3c1xehchpy0vjmje", "fields": {"session_data": ".eJxVjDsOwjAQBe_iGln-xg4lPWewdr1eHECxFCcV4u4QKQW0b2beSyTY1pq2XpY0kTgLLU6_G0J-lHkHdIf51mRu87pMKHdFHrTLa6PyvBzu30GFXr-1yRy8dzYaVKhC1AY4xoGIg7XWmACOwYUy5pFJW0THNLKFwaNTTmfx_gDURTfT:1texBk:YuC0dtFOoHKb099GJXsymx_fA4uWbILibRbp2FS1I6g", "expire_date": "2025-02-17T14:12:36.462Z"}}, {"model": "sessions.session", "pk": "uxrufwqpy0kb25nvz6bb4yzrwe4etiks", "fields": {"session_data": ".eJxVjDsOwyAQBe9CHSF-Nthl-pwB7QIbk1hGMjhNlLvHllwk7Zt582Yetjb5rabV58hGJtnld0MIz7QcID5guRceytLWjPxQ-Ekrv5WY5uvp_gUmqNP-VoFs1xntFAoU1kkF5FwfI1mttVIWDIGxaQgDRakRDcWBNPQdGmFk2KOtNJj9K9fcKhvd5wu-HT3a:1tfPWq:0UA5fmkqkoXU3uEvSkQ5gsPxBEHG4fGVNSTidepT938", "expire_date": "2025-02-18T20:28:16.207Z"}}, {"model": "task_manager.position", "pk": 1, "fields": {"name": "DevOps"}}, {"model": "task_manager.position", "pk": 3, "fields": {"name": "QA"}}, {"model": "task_manager.position", "pk": 5, "fields": {"name": "Backend Developer"}}, {"model": "task_manager.position", "pk": 6, "fields": {"name": "Frontend Developer"}}, {"model": "task_manager.position", "pk": 7, "fields": {"name": "Team Lead"}}, {"model": "task_manager.position", "pk": 8, "fields": {"name": "CEO"}}, {"model": "task_manager.tasktype", "pk": 1, "fields": {"name": "Bug fix"}}, {"model": "task_manager.tasktype", "pk": 2, "fields": {"name": "New Feature"}}, {"model": "task_manager.tasktype", "pk": 3, "fields": {"name": "QA"}}, {"model": "task_manager.tasktype", "pk": 4, "fields": {"name": "Unit tests"}}, {"model": "task_manager.tasktype", "pk": 5, "fields": {"name": "Refactoring"}}, {"model": "task_manager.tasktype", "pk": 6, "fields": {"name": "Code style"}}, {"model": "task_manager.tasktype", "pk": 7, "fields": {"name": "Development"}}, {"model": "task_manager.tasktype", "pk": 8, "fields": {"name": "Code Review"}}, {"model": "task_manager.tasktype", "pk": 9, "fields": {"name": "API"}}, {"model": "task_manager.tasktype", "pk": 11, "fields": {"name": "Data Analysis"}}, {"model": "task_manager.tasktype", "pk": 12, "fields": {"name": "Task Manager"}}, {"model": "task_manager.tasktype", "pk": 13, "fields": {"name": "Network"}}, {"model": "task_manager.projecttype", "pk": 3, "fields": {"name": "CRUD"}}, {"model": "task_manager.projecttype", "pk": 4, "fields": {"name": "Studying"}}, {"model": "task_manager.projecttype", "pk": 5, "fields": {"name": "Web App"}}, {"model": "task_manager.projecttype", "pk": 6, "fields": {"name": "Chat Bot"}}, {"model": "task_manager.projecttype", "pk": 7, "fields": {"name": "Machine Learning"}}, {"model": "task_manager.projecttype", "pk": 8, "fields": {"name": "Research"}}, {"model": "task_manager.projecttype", "pk": 9, "fields": {"name": "Commerce"}}, {"model": "task_manager.worker", "pk": 1, "fields": {"password": "pbkdf2_sha256$870000$gICCLzJm3Az4GCuqC8y1H1$i/v4For/k/chnjAdsjY0XWKp1Rf+SouCW1k6uhEPwcY=", "last_login": "2025-02-04T15:37:18.324Z", "is_superuser": true, "username": "admin.user", "first_name": "", "last_name": "", "email": "", "is_staff": true, "is_active": true, "date_joined": "2025-02-03T13:55:52.369Z", "position": null, "groups": [], "user_permissions": []}}, {"model": "task_manager.worker", "pk": 2, "fields": {"password": "pbkdf2_sha256$870000$ozHZ3GCi0zur9NlgAY1FO8$4ilO54jAZHIDV78o/VL5X1hQxFsrp+VH+u5s/4VCWcM=", "last_login": null, "is_superuser": false, "username": "superCoolUser", "first_name": "John", "last_name": "Locke", "email": "example@mail.com", "is_staff": false, "is_active": true, "date_joined": "2025-02-04T08:43:07.746Z", "position": 5, "groups": [], "user_permissions": []}}, {"model": "task_manager.worker", "pk": 3, "fields": {"password": "pbkdf2_sha256$870000$cJj8vLwOKL8Z4ACCFuIgYj$hSh5Pf9CMNGq5bHFoLlYkqnaxvw3vjs2RimcHT1/7Bg=", "last_login": null, "is_superuser": false, "username": "en_taro_tassadar", "first_name": "Jake", "last_name": "Williams", "email": "example@mail.com", "is_staff": false, "is_active": true, "date_joined": "2025-02-04T08:45:00.491Z", "position": 8, "groups": [], "user_permissions": []}}, {"model": "task_manager.worker", "pk": 4, "fields": {"password": "pbkdf2_sha256$870000$0ued9eFZ2Ql5nLCY2bG73s$wG0UX4IBnubEb/+rzGSgRHGIPgoHVOXyJqgPkVhWZm8=", "last_login": null, "is_superuser": false, "username": "hello_world", "first_name": "Michael", "last_name": "Meh", "email": "", "is_staff": false, "is_active": true, "date_joined": "2025-02-04T09:06:13.510Z", "position": 6, "groups": [], "user_permissions": []}}, {"model": "task_manager.worker", "pk": 5, "fields": {"password": "pbkdf2_sha256$870000$h1f6faIi8TKkwwZKvcQX1c$TlDwvN0Z0Gx5fgJe4fEnD1fS7gjpmJsxIZUp5v6t8s8=", "last_login": null, "is_superuser": false, "username": "happy_thoughts231", "first_name": "Xerx", "last_name": "O", "email": "", "is_staff": false, "is_active": true, "date_joined": "2025-02-04T09:07:10.629Z", "position": 3, "groups": [], "user_permissions": []}}, {"model": "task_manager.worker", "pk": 6, "fields": {"password": "pbkdf2_sha256$870000$isb9Y5EDqvRsvG20Exgu9C$QbIl3+fTA+RMe0NYhM3x0Lg4GJFpmV96suILjqYGBLE=", "last_login": null, "is_superuser": false, "username": "bottomRight", "first_name": "Savannah", "last_name": "White", "email": "", "is_staff": false, "is_active": true, "date_joined": "2025-02-04T09:08:28.428Z", "position": 1, "groups": [], "user_permissions": []}}, {"model": "task_manager.task", "pk": 3, "fields": {"name": "Attend Livecoding", "slug": "attend-livecoding", "description": "Being able to solve tasks in limited time and without access to googling is important.\r\nALthough, for real-world tasks it is prefferable to do your research and find an optimal, already discovered solution\r\nThis Livecode practice is useful, to train solving tasks as if no data can be found about solution to them, just like some real-world tasks", "is_completed": false, "created_at": "2025-02-04T12:15:12.444Z", "deadline": "2025-02-07T13:00:00Z", "completed_at": null, "priority": 3, "task_type": 8, "project": null}}, {"model": "task_manager.task", "pk": 4, "fields": {"name": "Write Tests for django-task-manager", "slug": "write-tests-for-django-task-manager", "description": "Testing is essential for making sure you don't break existing code when introducing a new feature\r\nWell, they will not prevent you from breaking, but they will let you know if you do.\r\nAnd this is very cool!\r\nSo write a few tests pls", "is_completed": false, "created_at": "2025-02-04T12:17:44.693Z", "deadline": "2025-02-05T15:59:00Z", "completed_at": null, "priority": 2, "task_type": 4, "project": null}}, {"model": "task_manager.task", "pk": 14, "fields": {"name": "Fix Wi-Fi", "slug": "fix-wi-fi", "description": "You are a programmer after all.\r\nHow hard can it be?", "is_completed": true, "created_at": "2025-02-04T18:32:56.964Z", "deadline": "2029-06-06T18:32:00Z", "completed_at": "2025-02-04T18:44:09.547Z", "priority": 1, "task_type": 13, "project": null}}, {"model": "task_manager.task", "pk": 15, "fields": {"name": "Clean Up the Messy Code", "slug": "clean-up-the-messy-code", "description": "Some of the old code looks like it was written by a drunk raccoon.\r\nGo through it, clean up what you can, and maybe leave a few comments so the next person doesn’t suffer.\r\nNo need to rewrite everything, just make it suck less.", "is_completed": false, "created_at": "2025-02-04T18:34:23.449Z", "deadline": null, "completed_at": null, "priority": 4, "task_type": 5, "project": null}}, {"model": "task_manager.task", "pk": 16, "fields": {"name": "Somebody Left Debug Mode On", "slug": "somebody-left-debug-mode-on", "description": "Debug mode was enabled on production for two weeks.\r\nI am not even asking who did it, how or why, just make sure we are not getting\r\nsued for exposing any of user's data", "is_completed": false, "created_at": "2025-02-04T18:37:56.442Z", "deadline": "2025-02-05T08:37:00Z", "completed_at": null, "priority": 1, "task_type": 7, "project": null}}, {"model": "task_manager.task", "pk": 17, "fields": {"name": "Seriously, finish writing those tests allready", "slug": "seriously-finish-writing-those-tests-allready", "description": "Come on", "is_completed": false, "created_at": "2025-02-04T18:40:02.618Z", "deadline": "2025-02-06T18:39:00Z", "completed_at": null, "priority": 2, "task_type": 4, "project": null}}, {"model": "task_manager.task", "pk": 18, "fields": {"name": "Implement the optional features", "slug": "implement-the-optional-features", "description": "Yeah, I get it, they are optional, but really, somebody please do at least something about them.\r\nI know the schedule is tight, but...", "is_completed": false, "created_at": "2025-02-04T18:41:41.053Z", "deadline": "2025-02-13T18:41:00Z", "completed_at": null, "priority": 4, "task_type": 2, "project": null}}, {"model": "task_manager.task", "pk": 19, "fields": {"name": "Add CRUD views for Team", "slug": "add-crud-views-for-team", "description": "The name says it all", "is_completed": false, "created_at": "2025-02-04T18:45:19.585Z", "deadline": "2025-02-05T18:45:00Z", "completed_at": null, "priority": 3, "task_type": 2, "project": null}}, {"model": "task_manager.task", "pk": 20, "fields": {"name": "Does anyone know Jake's number?", "slug": "does-anyone-know-jakes-number", "description": "He doesn't asnwer, and I am beginning to think that his last task was one too many", "is_completed": false, "created_at": "2025-02-04T18:47:19.146Z", "deadline": "2025-02-19T18:47:00Z", "completed_at": null, "priority": 1, "task_type": 4, "project": null}}, {"model": "task_manager.taskworker", "pk": 9, "fields": {"assigned_at": "2025-02-04T12:15:18.293Z", "assigned_by": null, "worker": 1, "task": 3}}, {"model": "task_manager.taskworker", "pk": 28, "fields": {"assigned_at": "2025-02-04T13:13:48.332Z", "assigned_by": null, "worker": 3, "task": 3}}, {"model": "task_manager.taskworker", "pk": 36, "fields": {"assigned_at": "2025-02-04T18:32:56.975Z", "assigned_by": null, "worker": 3, "task": 14}}, {"model": "task_manager.taskworker", "pk": 37, "fields": {"assigned_at": "2025-02-04T18:33:18.522Z", "assigned_by": null, "worker": 4, "task": 14}}, {"model": "task_manager.taskworker", "pk": 38, "fields": {"assigned_at": "2025-02-04T18:34:23.459Z", "assigned_by": null, "worker": 4, "task": 15}}, {"model": "task_manager.taskworker", "pk": 39, "fields": {"assigned_at": "2025-02-04T18:37:56.452Z", "assigned_by": null, "worker": 2, "task": 16}}, {"model": "task_manager.taskworker", "pk": 40, "fields": {"assigned_at": "2025-02-04T18:45:19.594Z", "assigned_by": null, "worker": 4, "task": 19}}, {"model": "task_manager.taskworker", "pk": 41, "fields": {"assigned_at": "2025-02-04T18:47:19.158Z", "assigned_by": null, "worker": 4, "task": 20}}]